{"cameraMode":{"drawMode":0,"name":"Shaded","section":"Shading Mode"},"sceneLighting":false,"audioPlay":false,"sceneViewState":{"showFog":true,"showMaterialUpdate":false,"showSkybox":false,"showFlares":true,"showImageEffects":true,"showParticleSystems":true},"in2DMode":false,"pivot":{"x":22.332069396972658,"y":7.504818916320801,"z":39.74453353881836},"rotation":{"x":0.1266058087348938,"y":-0.7976455688476563,"z":0.17980168759822846,"w":0.5616617798805237},"size":135.7156219482422,"orthographic":true}