{"cameraMode":{"drawMode":0,"name":"Shaded","section":"Shading Mode"},"sceneLighting":true,"audioPlay":false,"sceneViewState":{"showFog":true,"showMaterialUpdate":false,"showSkybox":true,"showFlares":true,"showImageEffects":true,"showParticleSystems":true},"in2DMode":false,"pivot":{"x":0.0,"y":1.2799999713897706,"z":15.069999694824219},"rotation":{"x":0.12374310195446015,"y":0.49838340282440188,"z":-0.07210805267095566,"w":0.8550827503204346},"size":57.94035720825195,"orthographic":true}