{"cameraMode":{"drawMode":0,"name":"Shaded","section":"Shading Mode"},"sceneLighting":true,"audioPlay":false,"sceneViewState":{"showFog":true,"showMaterialUpdate":false,"showSkybox":true,"showFlares":true,"showImageEffects":true,"showParticleSystems":true},"in2DMode":false,"pivot":{"x":-1.1526182889938355,"y":-1.807220220565796,"z":6.808682441711426},"rotation":{"x":-0.24499039351940156,"y":0.6198906302452087,"z":-0.21254226565361024,"w":-0.7145262956619263},"size":35.7714958190918,"orthographic":false}