{"cameraMode":{"drawMode":0,"name":"Shaded","section":"Shading Mode"},"sceneLighting":false,"audioPlay":false,"sceneViewState":{"showFog":true,"showMaterialUpdate":false,"showSkybox":false,"showFlares":true,"showImageEffects":true,"showParticleSystems":true},"in2DMode":false,"pivot":{"x":-3.569999933242798,"y":2.6700000762939455,"z":8.710000038146973},"rotation":{"x":0.19132202863693238,"y":-0.2159012407064438,"z":0.04318264126777649,"w":0.956541121006012},"size":0.00011447060387581587,"orthographic":false}