{"cameraMode":{"drawMode":0,"name":"Shaded","section":"Shading Mode"},"sceneLighting":false,"audioPlay":false,"sceneViewState":{"showFog":true,"showMaterialUpdate":false,"showSkybox":false,"showFlares":true,"showImageEffects":true,"showParticleSystems":true},"in2DMode":false,"pivot":{"x":14.100000381469727,"y":1.4460210800170899,"z":10.0},"rotation":{"x":0.19132202863693238,"y":-0.2159012407064438,"z":0.04318264126777649,"w":0.956541121006012},"size":23.113605499267579,"orthographic":false}