{"cameraMode":{"drawMode":0,"name":"Shaded","section":"Shading Mode"},"sceneLighting":false,"audioPlay":false,"sceneViewState":{"showFog":true,"showMaterialUpdate":false,"showSkybox":false,"showFlares":true,"showImageEffects":true,"showParticleSystems":true},"in2DMode":false,"pivot":{"x":1.4901161193847657e-8,"y":1.4901161193847657e-8,"z":0.0},"rotation":{"x":0.2239825427532196,"y":-0.011684814468026162,"z":0.0026892991736531259,"w":0.9745476245880127},"size":7.301368713378906,"orthographic":true}