{"cameraMode":{"drawMode":0,"name":"Shaded","section":"Shading Mode"},"sceneLighting":false,"audioPlay":false,"sceneViewState":{"showFog":true,"showMaterialUpdate":false,"showSkybox":false,"showFlares":true,"showImageEffects":true,"showParticleSystems":true},"in2DMode":false,"pivot":{"x":6.6950788497924809,"y":9.34000015258789,"z":70.56689453125},"rotation":{"x":0.1266058087348938,"y":-0.7976455688476563,"z":0.17980168759822846,"w":0.5616617798805237},"size":5.989977836608887,"orthographic":true}