{"cameraMode":{"drawMode":0,"name":"Shaded","section":"Shading Mode"},"sceneLighting":false,"audioPlay":false,"sceneViewState":{"showFog":true,"showMaterialUpdate":false,"showSkybox":false,"showFlares":true,"showImageEffects":true,"showParticleSystems":true},"in2DMode":false,"pivot":{"x":6.699999809265137,"y":9.34000015258789,"z":70.56689453125},"rotation":{"x":0.2239825427532196,"y":-0.011684814468026162,"z":0.0026892991736531259,"w":0.9745476245880127},"size":16.174198150634767,"orthographic":true}