{"cameraMode":{"drawMode":0,"name":"Shaded","section":"Shading Mode"},"sceneLighting":false,"audioPlay":false,"sceneViewState":{"showFog":true,"showMaterialUpdate":false,"showSkybox":false,"showFlares":true,"showImageEffects":true,"showParticleSystems":true},"in2DMode":false,"pivot":{"x":0.44999998807907107,"y":0.6826547384262085,"z":1.6299998760223389},"rotation":{"x":0.030172506347298623,"y":0.9494134783744812,"z":-0.29744648933410647,"w":0.0962994322180748},"size":1.3673999309539796,"orthographic":false}