{"cameraMode":{"drawMode":0,"name":"Shaded","section":"Shading Mode"},"sceneLighting":false,"audioPlay":false,"sceneViewState":{"showFog":true,"showMaterialUpdate":false,"showSkybox":false,"showFlares":true,"showImageEffects":true,"showParticleSystems":true},"in2DMode":false,"pivot":{"x":0.0,"y":0.2062951624393463,"z":-2.9802322387695315e-8},"rotation":{"x":0.2074320912361145,"y":0.23053185641765595,"z":-0.05036154016852379,"w":0.9493826031684876},"size":0.9563168287277222,"orthographic":false}