{"cameraMode":{"drawMode":0,"name":"Shaded","section":"Shading Mode"},"sceneLighting":false,"audioPlay":false,"sceneViewState":{"showFog":true,"showMaterialUpdate":false,"showSkybox":false,"showFlares":true,"showImageEffects":true,"showParticleSystems":true},"in2DMode":false,"pivot":{"x":6.299465179443359,"y":7.344113349914551,"z":100.85308074951172},"rotation":{"x":0.1266058087348938,"y":-0.7976455688476563,"z":0.17980168759822846,"w":0.5616617798805237},"size":128.1912078857422,"orthographic":true}