{"cameraMode":{"drawMode":0,"name":"Shaded","section":"Shading Mode"},"sceneLighting":false,"audioPlay":false,"sceneViewState":{"showFog":true,"showMaterialUpdate":false,"showSkybox":false,"showFlares":true,"showImageEffects":true,"showParticleSystems":true},"in2DMode":false,"pivot":{"x":-10.527873039245606,"y":1.671574354171753,"z":-0.5053331851959229},"rotation":{"x":0.19132202863693238,"y":-0.2159012407064438,"z":0.04318264126777649,"w":0.956541121006012},"size":10.112611770629883,"orthographic":false}