{"cameraMode":{"drawMode":0,"name":"Shaded","section":"Shading Mode"},"sceneLighting":true,"audioPlay":false,"sceneViewState":{"showFog":true,"showMaterialUpdate":false,"showSkybox":true,"showFlares":true,"showImageEffects":true,"showParticleSystems":true},"in2DMode":false,"pivot":{"x":-0.05447155237197876,"y":0.5800051689147949,"z":15.904102325439454},"rotation":{"x":-0.003207380184903741,"y":0.21990400552749635,"z":0.0007365703349933028,"w":0.9755486845970154},"size":27.966867446899415,"orthographic":true}