{"cameraMode":{"drawMode":0,"name":"Shaded","section":"Shading Mode"},"sceneLighting":true,"audioPlay":false,"sceneViewState":{"showFog":true,"showMaterialUpdate":false,"showSkybox":true,"showFlares":true,"showImageEffects":true,"showParticleSystems":true},"in2DMode":false,"pivot":{"x":5.415177822113037,"y":1.0671789646148682,"z":7.418882846832275},"rotation":{"x":-0.10960817337036133,"y":0.8012697100639343,"z":-0.15477301180362702,"w":-0.5674483180046082},"size":7.339227199554443,"orthographic":false}